{"guid":{"value":"e3ee3fa9cdd97a40-352ff1dff3477b70"},"aspectRatio":1,"isometricAngle":0,"rotation":{"x":0,"y":0,"z":0},"center":{"x":0,"y":-0.1,"z":0},"unclampedSize":{"x":90,"y":90},"nodeSize":1,"collision":{"type":"Capsule","diameter":1.1,"height":2,"collisionOffset":2,"rayDirection":"Both","mask":{"value":4204544},"heightMask":{"value":-15361},"fromHeight":20,"thickRaycast":false,"thickRaycastDiameter":1,"up":{"x":0,"y":1,"z":0},"collisionCheck":true,"heightCheck":true,"unwalkableWhenNoGround":true,"use2D":false},"maxClimb":0.4,"maxClimbAxis":1,"maxSlope":90,"erodeIterations":0,"erosionUseTags":false,"erosionFirstTag":1,"autoLinkGrids":false,"autoLinkDistLimit":10,"neighbours":"Eight","cutCorners":true,"penaltyPositionOffset":0,"penaltyPosition":false,"penaltyPositionFactor":1,"penaltyAngle":false,"penaltyAngleFactor":100,"textureData":{"enabled":false,"source":null,"factors":[0,0,0],"channels":["None","None","None"]},"initialPenalty":0,"open":true,"name":"Grid Graph","drawGizmos":true,"infoScreenOpen":false,"matrix":{"values":[0.99999994,0,0,0,0,1,0,0,0,0,0.99999994,0,-44.9999962,-0.1,-44.9999962,1]}}